size,language,numeric_type,repetition,time_seconds,memory
10,C,double,1,0.000000,3764
10,C,double,2,0.000000,3816
10,C,double,3,0.000000,3816
10,C,double,4,0.000000,3816
10,C,double,5,0.000000,3816
100,C,double,1,0.001000,4092
100,C,double,2,0.001000,4096
100,C,double,3,0.001000,4096
100,C,double,4,0.001000,4096
100,C,double,5,0.002000,4096
250,C,double,1,0.010000,5480
250,C,double,2,0.015000,5480
250,C,double,3,0.013000,5480
250,C,double,4,0.011000,5480
250,C,double,5,0.012000,5480
10,Java,double,1,0.000051,679
10,Java,double,2,0.000043,1068
10,Java,double,3,0.000058,1068
10,Java,double,4,0.000078,1068
10,Java,double,5,0.000039,1068
100,Java,double,1,0.003260,1309
100,Java,double,2,0.003441,1309
100,Java,double,3,0.004028,1309
100,Java,double,4,0.003232,1309
100,Java,double,5,0.003712,1309
250,Java,double,1,0.014639,2549
250,Java,double,2,0.014449,2549
250,Java,double,3,0.014625,2549
250,Java,double,4,0.013691,2549
250,Java,double,5,0.014279,2549
10,Python,double,1,0.000097,27136
10,Python,double,2,0.000113,27140
10,Python,double,3,0.000118,27140
10,Python,double,4,0.000119,27140
10,Python,double,5,0.000116,27140
100,Python,double,1,0.098353,28364
100,Python,double,2,0.088352,28364
100,Python,double,3,0.089913,28364
100,Python,double,4,0.098646,28368
100,Python,double,5,0.109643,28368
250,Python,double,1,1.513209,34340
250,Python,double,2,1.548187,34340
250,Python,double,3,1.647374,34340
250,Python,double,4,3.236473,34340
250,Python,double,5,3.766322,34340
